{
    "Plugins": [
        {
            "Info": {
                "Types": {
                   "Hio_AVIFImage" : {
                        "bases": ["HioImage"],
                        "imageTypes": ["avif"],
                        "precedence": 30
                    }
                }
            },
            "LibraryPath": "../hioAvif.dll",
            "Name": "hioAvif",
            "ResourcePath": "resources",
            "Root": "..",
            "Type": "library"
        }
    ]
}
