{
    "Plugins": [
        {
            "Info": {
                "Types": {
                    "HdStormRendererPlugin": {
                        "bases": [
                            "HdRendererPlugin"
                        ],
                        "displayName": "GL",
                        "priority": 0
                    }
                }
            },
            "LibraryPath": "../hdStorm.dll",
            "Name": "hdStorm",
            "ResourcePath": "resources",
            "Root": "..",
            "Type": "library"
        }
    ]
}
