{
    "Plugins": [
        {
            "Info": {
                "Types": {
                    "SdrDiscoveryPlugin": {
                        "bases": ["NdrDiscoveryPlugin"]
                    },
                    "_SdrFilesystemDiscoveryPlugin" : {
                        "bases": ["SdrDiscoveryPlugin"],
                        "displayName": "Filesystem Discovery"
                    },
                    "SdrParserPlugin": {
                        "bases": ["NdrParserPlugin"]
                    }
                }
            },
            "LibraryPath": "../../usd_sdr.dll", 
            "Name": "sdr", 
            "ResourcePath": "resources", 
            "Root": "..", 
            "Type": "library"
        }
    ]
}
