{
    "Plugins": [
        {
            "Info": {
                "Types": {
                    "SdrGlslfxParserPlugin": {
                        "bases": ["SdrParserPlugin"], 
                        "displayName": "Glslfx-based shader definition parser plugin"
                    }
                }
            },
            "LibraryPath": "../sdrGlslfx.dll",
            "Name": "sdrGlslfx",
            "ResourcePath": "resources",
            "Root": "..",
            "Type": "library"
        }
    ]
}
