{
    "Plugins": [
        {
            "Info": {
                "Types": {
                    "UsdSkelImagingSkeletonAdapter": {
                        "bases": [
                            "UsdImagingInstanceablePrimAdapter"
                        ],
                        "isInternal": true,
                        "primTypeName": "Skeleton"
                    },
                    "UsdSkelImagingSkelRootAdapter": {
                        "bases": [
                            "UsdImagingPrimAdapter"
                        ],
                        "isInternal": true,
                        "primTypeName": "SkelRoot"
                    },
                    "UsdSkelImagingAnimationAdapter": {
                        "bases": [
                            "UsdImagingSceneIndexPrimAdapter"
                        ],
                        "isInternal": true,
                        "primTypeName": "SkelAnimation"
                    },
                    "UsdSkelImagingBindingAPIAdapter": {
                        "bases": [
                            "UsdImagingAPISchemaAdapter"
                        ],
                        "isInternal": true,
                        "apiSchemaName": "SkelBindingAPI"
                    },
                    "UsdSkelImagingBlendShapeAdapter": {
                        "bases": [
                            "UsdImagingSceneIndexPrimAdapter"
                        ],
                        "isInternal": true,
                        "primTypeName": "BlendShape"
                    },
                    "UsdSkelImagingResolvingSceneIndexPlugin": {
                        "bases": [
                            "UsdImagingSceneIndexPlugin"
                        ],
                        "isInternal": true
                    }
                }
            },
            "LibraryPath": "../../usd_usdSkelImaging.dll",
            "Name": "usdSkelImaging",
            "ResourcePath": "resources",
            "Root": "..",
            "Type": "library"
        }
    ]
}
