{
    "Plugins": [
        {
            "Info": {
                "Validators": {
                    "SkelBindingApiAppliedValidator": {
                        "doc": "Verify a prim has the SkelBindingAPI applied if it has a UsdSkelBinding property."
                    }, 
                    "SkelBindingApiValidator": {
                        "doc": "Verify that a prim with SkelBindingAPI applied, is either of SkelRoot type or parented by a SkelRoot prim.", 
                        "schemaTypes": [
                            "UsdSkelBindingAPI"
                        ]
                    }, 
                    "keywords": [
                        "UsdSkelValidators"
                    ]
                }
            }, 
            "LibraryPath": "../../usd_usdSkelValidators.dll", 
            "Name": "usdSkelValidators", 
            "ResourcePath": "resources", 
            "Root": "..", 
            "Type": "library"
        }
    ]
}
